日期,股票代號,股票名稱,最新交易日股價,最近一日交易量,交易次數,勝率,平均投資報酬率,最高投資報酬率,最低投資報酬率,標準差,連續X天,進場條件,出場條件,三大法人5日各別買賣超,三大法人5日買賣超
2026-06-11,1312,國喬,12.8,5583 張,6,83.3%,3.17%,7.31%,-7.16%,5.45,1,站上60T進場,布林通道觸頂出場,,
2026-06-11,1449,佳和,14.2,1342 張,6,100.0%,3.33%,5.53%,1.4%,1.63,1,站上60T進場,碰觸20T(布林中線)以上出場,,
2026-06-11,1447,力鵬,6.22,1518 張,10,80.0%,1.77%,9.18%,-5.85%,3.8,1,站上60T進場,KD且RSI大於70且在BBAND中線以上出場,,
2026-06-11,1467,南緯,7.49,112 張,5,80.0%,1.15%,2.65%,0.0%,1.06,1,站上60T進場,碰觸20T(布林中線)以上出場,,
2026-06-11,1587,吉茂,27.6,294 張,9,77.8%,2.98%,12.97%,-4.07%,4.84,1,站上60T進場,碰觸20T(布林中線)以上出場,,
2026-06-11,1721,三晃,22.6,1780 張,7,85.7%,15.04%,42.36%,-37.17%,26.38,1,直接進場,乖離率大於15%停利出場,,
2026-06-11,1762,中化生,35.55,1851 張,9,77.8%,1.98%,11.4%,-11.85%,6.14,1,站上60T進場,KD且RSI大於70且在BBAND中線以上出場,,
2026-06-11,1809,中釉,48.1,5924 張,8,75.0%,17.29%,38.39%,-26.84%,22.31,1,站上60T進場,乖離率大於15%停利出場,,
2026-06-11,2314,台揚,14.85,150 張,8,75.0%,0.48%,13.05%,-20.66%,9.63,1,站上60T進場,布林通道觸頂出場,,
2026-06-11,2316,楠梓電,153.5,2098 張,5,100.0%,40.81%,94.19%,14.8%,32.96,1,碰觸BBAND下緣進場,乖離率大於15%停利出場,,
2026-06-11,2357,華碩,781.0,3410 張,31,71.0%,0.2%,10.1%,-21.25%,6.58,1,碰觸BBAND下緣進場,KD且RSI大於70且在BBAND中線以上出場,,
2026-06-11,2405,輔信,18.15,2957 張,35,77.1%,1.35%,7.92%,-25.12%,5.87,1,碰觸BBAND下緣進場,站上60T出場,,
2026-06-11,2427,三商電,22.1,442 張,9,88.9%,2.08%,6.52%,-1.97%,2.39,1,站上60T進場,碰觸20T(布林中線)以上出場,,
2026-06-11,2455,全新,320.0,7063 張,3,100.0%,42.18%,50.48%,26.5%,13.59,1,碰觸BBAND下緣進場,乖離率大於15%停利出場,,
2026-06-11,2468,華經,40.4,1131 張,5,80.0%,12.04%,46.87%,-9.42%,21.38,1,站上60T進場,乖離率大於15%停利出場,,
2026-06-11,2543,皇昌,46.65,1615 張,4,100.0%,32.55%,55.9%,14.14%,19.49,1,碰觸BBAND下緣進場,乖離率大於15%停利出場,,
2026-06-11,3032,偉訓,82.2,1087 張,9,77.8%,0.67%,10.05%,-17.74%,7.63,1,站上60T進場,碰觸20T(布林中線)以上出場,,
2026-06-11,3231,緯創,152.5,32222 張,28,71.4%,0.81%,6.97%,-12.37%,4.56,1,碰觸BBAND下緣進場,站上60T出場,,
2026-06-11,3057,喬鼎,18.85,283 張,7,71.4%,1.72%,12.68%,-13.93%,8.57,1,站上60T進場,KD且RSI大於70且在BBAND中線以上出場,,
2026-06-11,3055,蔚華科,79.7,841 張,3,100.0%,6.41%,13.88%,2.21%,6.49,1,站上5T進場,KD且RSI大於70且在BBAND中線以上出場,,
2026-06-11,3311,閎暉,37.1,447 張,20,80.0%,1.3%,4.27%,-2.37%,1.88,1,碰觸BBAND下緣進場,布林通道觸頂出場,,
2026-06-11,3209,全科,61.7,2248 張,10,90.0%,2.41%,9.22%,-4.02%,3.9,1,站上60T進場,KD且RSI大於70且在BBAND中線以上出場,,
2026-06-11,3376,新日興,203.5,5131 張,13,84.6%,2.19%,7.13%,-8.35%,3.79,1,站上60T進場,碰觸20T(布林中線)以上出場,,
2026-06-11,3518,柏騰,26.8,749 張,9,77.8%,2.72%,9.06%,-0.79%,3.19,1,站上60T進場,碰觸20T(布林中線)以上出場,,
2026-06-11,3673,TPK-KY,78.6,8901 張,13,76.9%,1.01%,17.35%,-9.43%,6.53,1,站上60T進場,KD且RSI大於70且在BBAND中線以上出場,,
2026-06-11,4555,氣立,45.1,239 張,25,72.0%,0.97%,8.21%,-18.26%,5.34,1,碰觸BBAND下緣進場,站上60T出場,,
2026-06-11,4720,德淵,23.35,878 張,8,75.0%,3.38%,10.67%,-9.95%,6.75,1,站上60T進場,KD且RSI大於70且在BBAND中線以上出場,,
2026-06-11,4943,康控-KY,8.99,63 張,22,81.8%,3.5%,12.73%,-13.85%,6.42,1,碰觸BBAND下緣進場,碰觸20T(布林中線)以上出場,,
2026-06-11,6112,邁達特,46.65,549 張,13,92.3%,2.71%,6.65%,-2.32%,2.28,1,站上60T進場,碰觸20T(布林中線)以上出場,,
2026-06-11,6136,富爾特,24.95,344 張,5,100.0%,0.4%,0.59%,0.25%,0.15,1,站上60T進場,站上60T出場,,
2026-06-11,6192,巨路,117.5,1111 張,42,78.6%,1.36%,13.11%,-10.09%,3.4,1,直接進場,站上60T出場,,
2026-06-11,6283,淳安,23.05,424 張,41,70.7%,1.45%,11.01%,-10.91%,4.57,1,碰觸BBAND下緣進場,站上60T出場,,
2026-06-11,6412,群電,86.6,2761 張,4,100.0%,4.65%,7.44%,2.58%,2.04,1,站上60T進場,KD且RSI大於70且在BBAND中線以上出場,,
2026-06-11,6415,矽力*-KY,492.0,3289 張,3,100.0%,6.47%,8.37%,3.07%,2.95,1,站上5T進場,KD且RSI大於70且在BBAND中線以上出場,,
2026-06-11,6451,訊芯-KY,499.5,689 張,12,91.7%,19.37%,33.83%,-25.69%,15.84,1,直接進場,乖離率大於15%停利出場,,
2026-06-11,6525,捷敏-KY,114.0,813 張,7,100.0%,3.13%,5.99%,0.88%,1.9,1,站上60T進場,布林通道觸頂出場,,
2026-06-11,6505,台塑化,50.8,7124 張,51,72.5%,0.31%,10.33%,-15.5%,4.83,1,直接進場,站上60T出場,,
2026-06-11,6689,伊雲谷,66.8,251 張,40,72.5%,1.08%,13.33%,-9.18%,5.15,1,碰觸BBAND下緣進場,站上60T出場,,
2026-06-11,6835,圓裕,36.2,64 張,6,100.0%,1.96%,3.01%,0.75%,0.93,1,站上60T進場,碰觸20T(布林中線)以上出場,,
2026-06-11,6796,晉弘,57.5,81 張,4,75.0%,0.6%,0.99%,0.0%,0.45,1,站上60T進場,站上60T出場,,
2026-06-11,6988,威力暘-創,14.1,28 張,10,70.0%,1.16%,10.49%,-34.18%,13.53,1,碰觸BBAND下緣進場,布林通道觸頂出場,,
2026-06-11,7795,長廣,341.5,300 張,8,87.5%,5.6%,14.83%,-0.54%,4.75,1,直接進場,站上60T出場,,
2026-06-11,7610,聯友金屬-創,1555.0,113 張,3,100.0%,11.91%,18.13%,5.88%,6.13,1,碰觸BBAND下緣進場,KD且RSI大於70且在BBAND中線以上出場,,
2026-06-11,6951,青新-創,78.3,81 張,3,100.0%,3.4%,5.69%,1.97%,2.0,1,站上60T進場,KD且RSI大於70且在BBAND中線以上出場,,
2026-06-11,9103,美德醫療-DR,5.75,1875 張,4,75.0%,2.95%,18.75%,-24.16%,19.45,1,碰觸BBAND下緣進場,乖離率大於15%停利出場,,
2026-06-10,1312,國喬,12.8,5583 張,6,83.3%,3.17%,7.31%,-7.16%,5.45,1,站上60T進場,布林通道觸頂出場,,
2026-06-10,1447,力鵬,6.22,1518 張,10,80.0%,1.77%,9.18%,-5.85%,3.8,1,站上60T進場,KD且RSI大於70且在BBAND中線以上出場,,
2026-06-10,1449,佳和,14.2,1342 張,6,100.0%,3.33%,5.53%,1.4%,1.63,1,站上60T進場,碰觸20T(布林中線)以上出場,,
2026-06-10,1467,南緯,7.49,112 張,5,80.0%,1.15%,2.65%,0.0%,1.06,1,站上60T進場,碰觸20T(布林中線)以上出場,,
2026-06-10,1587,吉茂,27.6,294 張,9,77.8%,2.98%,12.97%,-4.07%,4.84,1,站上60T進場,碰觸20T(布林中線)以上出場,,
2026-06-10,1721,三晃,22.6,1780 張,7,85.7%,15.04%,42.36%,-37.17%,26.38,1,直接進場,乖離率大於15%停利出場,,
2026-06-10,1762,中化生,35.55,1851 張,9,77.8%,1.98%,11.4%,-11.85%,6.14,1,站上60T進場,KD且RSI大於70且在BBAND中線以上出場,,
2026-06-10,1809,中釉,48.1,5924 張,8,75.0%,17.29%,38.39%,-26.84%,22.31,1,站上60T進場,乖離率大於15%停利出場,,
2026-06-10,2314,台揚,14.85,150 張,8,75.0%,0.48%,13.05%,-20.66%,9.63,1,站上60T進場,布林通道觸頂出場,,
2026-06-10,2316,楠梓電,153.5,2098 張,5,100.0%,40.81%,94.19%,14.8%,32.96,1,碰觸BBAND下緣進場,乖離率大於15%停利出場,,
2026-06-10,2357,華碩,781.0,3410 張,31,71.0%,0.2%,10.1%,-21.25%,6.58,1,碰觸BBAND下緣進場,KD且RSI大於70且在BBAND中線以上出場,,
2026-06-10,2405,輔信,18.15,2957 張,35,77.1%,1.35%,7.92%,-25.12%,5.87,1,碰觸BBAND下緣進場,站上60T出場,,
2026-06-10,2427,三商電,22.1,442 張,9,88.9%,2.08%,6.52%,-1.97%,2.39,1,站上60T進場,碰觸20T(布林中線)以上出場,,
2026-06-10,2455,全新,320.0,7063 張,3,100.0%,42.18%,50.48%,26.5%,13.59,1,碰觸BBAND下緣進場,乖離率大於15%停利出場,,
2026-06-10,2468,華經,40.4,1131 張,5,80.0%,12.04%,46.87%,-9.42%,21.38,1,站上60T進場,乖離率大於15%停利出場,,
2026-06-10,2543,皇昌,46.65,1615 張,4,100.0%,32.55%,55.9%,14.14%,19.49,1,碰觸BBAND下緣進場,乖離率大於15%停利出場,,
2026-06-10,3032,偉訓,82.2,1087 張,9,77.8%,0.67%,10.05%,-17.74%,7.63,1,站上60T進場,碰觸20T(布林中線)以上出場,,
2026-06-10,3055,蔚華科,79.7,841 張,3,100.0%,6.41%,13.88%,2.21%,6.49,1,站上5T進場,KD且RSI大於70且在BBAND中線以上出場,,
2026-06-10,3057,喬鼎,18.85,283 張,7,71.4%,1.72%,12.68%,-13.93%,8.57,1,站上60T進場,KD且RSI大於70且在BBAND中線以上出場,,
2026-06-10,3209,全科,61.7,2248 張,10,90.0%,2.41%,9.22%,-4.02%,3.9,1,站上60T進場,KD且RSI大於70且在BBAND中線以上出場,,
2026-06-10,3231,緯創,152.5,32222 張,28,71.4%,0.81%,6.97%,-12.37%,4.56,1,碰觸BBAND下緣進場,站上60T出場,,
2026-06-10,3311,閎暉,37.1,447 張,20,80.0%,1.3%,4.27%,-2.37%,1.88,1,碰觸BBAND下緣進場,布林通道觸頂出場,,
2026-06-10,3376,新日興,203.5,5131 張,13,84.6%,2.19%,7.13%,-8.35%,3.79,1,站上60T進場,碰觸20T(布林中線)以上出場,,
2026-06-10,3518,柏騰,26.8,749 張,9,77.8%,2.72%,9.06%,-0.79%,3.19,1,站上60T進場,碰觸20T(布林中線)以上出場,,
2026-06-10,3673,TPK-KY,78.6,8901 張,13,76.9%,1.01%,17.35%,-9.43%,6.53,1,站上60T進場,KD且RSI大於70且在BBAND中線以上出場,,
2026-06-10,4555,氣立,45.1,239 張,25,72.0%,0.97%,8.21%,-18.26%,5.34,1,碰觸BBAND下緣進場,站上60T出場,,
2026-06-10,4720,德淵,23.35,878 張,8,75.0%,3.38%,10.67%,-9.95%,6.75,1,站上60T進場,KD且RSI大於70且在BBAND中線以上出場,,
2026-06-10,4943,康控-KY,8.99,63 張,22,81.8%,3.5%,12.73%,-13.85%,6.42,1,碰觸BBAND下緣進場,碰觸20T(布林中線)以上出場,,
2026-06-10,6112,邁達特,46.65,549 張,13,92.3%,2.71%,6.65%,-2.32%,2.28,1,站上60T進場,碰觸20T(布林中線)以上出場,,
2026-06-10,6136,富爾特,24.95,344 張,5,100.0%,0.4%,0.59%,0.25%,0.15,1,站上60T進場,站上60T出場,,
2026-06-10,6192,巨路,117.5,1111 張,42,78.6%,1.36%,13.11%,-10.09%,3.4,1,直接進場,站上60T出場,,
2026-06-10,6283,淳安,23.05,424 張,41,70.7%,1.45%,11.01%,-10.91%,4.57,1,碰觸BBAND下緣進場,站上60T出場,,
2026-06-10,6426,統新,195.5,1215 張,6,83.3%,18.36%,40.25%,-2.5%,17.02,1,直接進場,乖離率大於15%停利出場,,
2026-06-10,6451,訊芯-KY,499.5,3646 張,12,91.7%,19.37%,33.83%,-25.69%,15.84,1,直接進場,乖離率大於15%停利出場,,
2026-06-10,6472,保瑞,380.5,765 張,8,75.0%,2.91%,10.26%,-7.43%,5.73,1,站上60T進場,KD且RSI大於70且在BBAND中線以上出場,,
2026-06-10,6558,興能高,30.15,318 張,3,100.0%,11.75%,26.93%,0.34%,13.69,1,碰觸BBAND下緣進場,乖離率大於15%停利出場,,
2026-06-10,6689,伊雲谷,66.8,251 張,40,72.5%,1.08%,13.33%,-9.18%,5.15,1,碰觸BBAND下緣進場,站上60T出場,,
2026-06-10,6796,晉弘,57.5,81 張,4,75.0%,0.6%,0.99%,0.0%,0.45,1,站上60T進場,站上60T出場,,
2026-06-10,6835,圓裕,36.2,64 張,6,100.0%,1.96%,3.01%,0.75%,0.93,1,站上60T進場,碰觸20T(布林中線)以上出場,,
2026-06-10,6951,青新-創,78.3,81 張,3,100.0%,3.4%,5.69%,1.97%,2.0,1,站上60T進場,KD且RSI大於70且在BBAND中線以上出場,,
2026-06-10,6988,威力暘-創,14.1,28 張,10,70.0%,1.16%,10.49%,-34.18%,13.53,1,碰觸BBAND下緣進場,布林通道觸頂出場,,
2026-06-10,7610,聯友金屬-創,1555.0,113 張,3,100.0%,11.91%,18.13%,5.88%,6.13,1,碰觸BBAND下緣進場,KD且RSI大於70且在BBAND中線以上出場,,
2026-06-10,7795,長廣,341.5,300 張,8,87.5%,5.6%,14.83%,-0.54%,4.75,1,直接進場,站上60T出場,,
2026-06-10,9103,美德醫療-DR,5.75,1875 張,4,75.0%,2.95%,18.75%,-24.16%,19.45,1,碰觸BBAND下緣進場,乖離率大於15%停利出場,,
2026-06-12,1232,大統益,144.0,132 張,29,89.7%,0.41%,1.35%,-2.25%,0.87,1,直接進場,碰觸20T(布林中線)以上出場,+2(2%)/-15(10%)/+57(38%)/-20(7%)/-56(14%),-32(3%)
2026-06-12,2072,世紀風電,176.5,427 張,3,100.0%,3.25%,4.57%,2.27%,1.19,1,碰觸BBAND下緣進場,碰觸20T(布林中線)以上出場,-53(9%)/+30(6%)/-27(7%)/+8(1%)/-77(15%),-119(5%)
2026-06-12,2107,厚生,25.1,378 張,32,81.2%,0.83%,5.77%,-1.88%,1.35,1,直接進場,站上60T出場,-19(4%)/+37(8%)/+43(8%)/+745(50%)/-141(19%),+665(18%)
2026-06-12,2485,兆赫,63.6,6353 張,5,80.0%,12.14%,31.43%,-40.88%,30.0,1,直接進場,乖離率大於15%停利出場,-1393(10%)/+97(1%)/+504(3%)/-1701(11%)/-728(6%),-3221(4%)
2026-06-12,2608,嘉里大榮,28.95,278 張,4,75.0%,0.93%,2.75%,-0.8%,1.48,1,站上60T進場,碰觸20T(布林中線)以上出場,-139(18%)/-13(2%)/-74(20%)/-351(41%)/-217(28%),-794(23%)
2026-06-12,4916,事欣科,99.5,8663 張,3,100.0%,43.22%,65.42%,8.22%,30.67,1,站上60T進場,乖離率大於15%停利出場,-1607(12%)/+566(4%)/-2076(13%)/-1141(8%)/-909(6%),-5167(7%)
2026-06-12,4938,和碩,83.7,40702 張,8,87.5%,3.35%,5.91%,-0.26%,2.11,1,站上60T進場,布林通道觸頂出場,-2186(6%)/+4986(12%)/+2867(9%)/-5645(24%)/+6233(9%),+6255(3%)
2026-06-12,4949,有成精密,87.9,814 張,5,100.0%,19.04%,35.3%,8.74%,11.03,1,站上60T進場,乖離率大於15%停利出場,-121(11%)/+251(15%)/+81(6%)/-233(20%)/-202(17%),-224(3%)
2026-06-12,6405,悅城,62.9,2493 張,4,100.0%,25.8%,35.26%,15.6%,9.05,1,站上60T進場,乖離率大於15%停利出場,-21(8%)/-16(3%)/-44(7%)/-906(21%)/-200(5%),-1187(12%)
2026-06-12,6592,和潤企業,64.9,297 張,3,100.0%,1.94%,3.78%,0.64%,1.64,1,站上60T進場,KD且RSI大於70且在BBAND中線以上出場,+219(24%)/+360(24%)/-50(6%)/-130(21%)/+113(23%),+512(12%)
2026-06-12,6924,榮惠-KY創,110.0,30 張,6,83.3%,1.92%,9.48%,-19.43%,10.72,1,直接進場,碰觸20T(布林中線)以上出場,-38(32%)/+2(2%)/+34(15%)/-8(5%)/-5(14%),-15(2%)
2026-06-12,7749,意騰-KY,498.0,281 張,12,75.0%,2.22%,24.19%,-13.72%,9.14,1,碰觸BBAND下緣進場,站上60T出場,+102(23%)/+1058(38%)/+192(12%)/-148(39%)/-109(21%),+1095(19%)
2026-06-12,8016,矽創,274.5,1212 張,41,80.5%,1.23%,6.22%,-8.51%,2.87,1,碰觸BBAND下緣進場,站上60T出場,+182(14%)/+82(5%)/+211(16%)/-335(19%)/-45(2%),+95(1%)
2026-06-12,8454,富邦媒,321.0,716 張,3,100.0%,4.18%,5.87%,2.73%,1.59,1,站上60T進場,KD且RSI大於70且在BBAND中線以上出場,+1291(41%)/+3051(79%)/+1219(55%)/+179(19%)/+148(8%),+5888(49%)
2026-06-12,9103,美德醫療-DR,5.48,1321 張,4,75.0%,2.95%,18.75%,-24.16%,19.45,2,碰觸BBAND下緣進場,乖離率大於15%停利出場,-37(1%)/+177(5%)/-131(4%)/-276(15%)/-153(6%),-420(3%)
2026-06-12,9911,櫻花,83.4,246 張,29,82.8%,0.31%,2.37%,-6.63%,1.6,1,碰觸BBAND下緣進場,站上60T出場,+179(28%)/+261(36%)/+57(23%)/+24(10%)/-132(36%),+389(18%)
2026-06-15,1325,恆大,26.05,194 張,31,71.0%,0.11%,12.16%,-19.01%,8.35,1,碰觸BBAND下緣進場,KD且RSI大於70且在BBAND中線以上出場,+8(4%)/-66(23%)/+179(53%)/+73(34%)/-96(41%),+98(8%)
2026-06-15,1449,佳和,13.8,840 張,6,100.0%,3.33%,5.53%,1.4%,1.63,1,站上60T進場,碰觸20T(布林中線)以上出場,+767(4%)/-404(14%)/-427(15%)/-29(2%)/-16(1%),-109(0%)
2026-06-15,1474,弘裕,10.1,32 張,5,80.0%,0.75%,3.31%,-2.01%,1.91,1,站上60T進場,布林通道觸頂出場,-12(18%)/+6(9%)/-3(6%)/+5(17%)/-7(13%),-11(4%)
2026-06-15,1524,耿鼎,29.55,480 張,9,77.8%,1.0%,4.75%,-5.08%,2.73,1,站上60T進場,KD且RSI大於70且在BBAND中線以上出場,+46(5%)/-101(12%)/-6(1%)/+147(19%)/-50(7%),+36(1%)
2026-06-15,1709,和益,20.75,666 張,4,75.0%,0.52%,0.96%,0.0%,0.48,1,站上5T進場,MACD柱狀體翻綠出場,+1730(35%)/-132(7%)/+860(51%)/+58(4%)/+132(9%),+2648(23%)
2026-06-15,1713,國化,50.2,100 張,7,71.4%,0.24%,0.6%,-0.35%,0.33,1,站上60T進場,站上60T出場,-52(37%)/+4(4%)/+312(48%)/+70(18%)/+37(20%),+371(25%)
2026-06-15,1810,和成,19.9,1543 張,3,100.0%,6.74%,7.52%,5.31%,1.24,1,站上5T進場,KD且RSI大於70且在BBAND中線以上出場,+1022(17%)/+26(1%)/+369(14%)/-179(6%)/+107(5%),+1345(8%)
2026-06-15,1795,美時,191.0,1442 張,5,80.0%,0.19%,2.34%,-5.14%,3.06,1,站上60T進場,碰觸20T(布林中線)以上出場,+501(21%)/-741(23%)/+643(39%)/-288(18%)/-474(25%),-359(3%)
2026-06-15,2032,新鋼,17.25,553 張,50,70.0%,0.62%,8.57%,-26.13%,5.02,1,直接進場,站上60T出場,+154(19%)/-71(11%)/+323(47%)/+248(36%)/-426(43%),+228(6%)
2026-06-15,2069,運錩,18.9,268 張,7,85.7%,3.07%,6.94%,0.0%,2.51,1,站上60T進場,KD且RSI大於70且在BBAND中線以上出場,-36(8%)/-10(2%)/+313(57%)/+159(17%)/-352(65%),+74(3%)
2026-06-15,2323,中環,10.85,9982 張,4,100.0%,2.83%,5.05%,0.62%,2.05,1,站上5T進場,KD且RSI大於70且在BBAND中線以上出場,+1684(14%)/-1444(15%)/+4363(44%)/-393(3%)/-6420(41%),-2210(4%)
2026-06-15,2355,敬鵬,57.3,11346 張,10,80.0%,0.93%,3.83%,-6.59%,2.99,1,站上60T進場,碰觸20T(布林中線)以上出場,-47(0%)/+5671(20%)/+7331(17%)/-5917(22%)/-1056(5%),+5982(4%)
2026-06-15,2359,所羅門,132.5,1177 張,3,100.0%,35.71%,38.37%,32.44%,3.01,1,碰觸BBAND下緣進場,乖離率大於15%停利出場,+235(2%)/-233(7%)/-269(12%)/+204(10%)/-188(9%),-251(1%)
2026-06-15,2367,燿華,60.9,16489 張,3,100.0%,43.41%,53.16%,35.88%,8.85,1,碰觸BBAND下緣進場,乖離率大於15%停利出場,+11238(18%)/-4717(9%)/+709(1%)/-2462(9%)/-2539(8%),+2229(1%)
2026-06-15,2387,精元,39.35,562 張,9,77.8%,1.1%,4.43%,-2.01%,1.9,1,站上60T進場,碰觸20T(布林中線)以上出場,-69(9%)/-8(2%)/+33(6%)/-207(41%)/-188(21%),-439(14%)
2026-06-15,2390,云辰,11.85,740 張,7,85.7%,2.22%,13.2%,-10.37%,6.87,1,站上60T進場,布林通道觸頂出場,+96(6%)/+107(6%)/-81(5%)/+343(23%)/+187(17%),+652(8%)
2026-06-15,2397,友通,60.9,340 張,38,78.9%,0.59%,13.0%,-18.77%,6.26,1,直接進場,布林通道觸頂出場,+204(18%)/+21(4%)/+85(24%)/+163(49%)/-71(14%),+402(14%)
2026-06-15,2406,國碩,35.3,13216 張,11,81.8%,2.14%,9.39%,-10.11%,5.26,1,站上60T進場,碰觸20T(布林中線)以上出場,+1737(5%)/+4464(7%)/+15996(14%)/-10249(24%)/-5615(22%),+6333(2%)
2026-06-15,2404,漢唐,1245.0,3433 張,7,100.0%,2.2%,5.39%,0.19%,1.86,1,站上60T進場,碰觸20T(布林中線)以上出場,+70(2%)/-229(5%)/+2303(42%)/+1020(19%)/-2724(45%),+440(2%)
2026-06-15,2439,美律,89.6,1242 張,5,100.0%,1.21%,1.74%,0.47%,0.49,1,站上60T進場,碰觸20T(布林中線)以上出場,+122(8%)/-446(26%)/-2022(36%)/-1097(36%)/-736(39%),-4179(30%)
2026-06-15,2449,京元電子,278.0,7677 張,3,100.0%,139.53%,376.38%,15.72%,205.2,1,直接進場,乖離率大於15%停利出場,-13870(47%)/+64(0%)/+3867(24%)/-7276(31%)/-335(2%),-17550(17%)
2026-06-15,2459,敦吉,65.0,177 張,6,100.0%,0.89%,2.09%,0.29%,0.67,1,站上60T進場,碰觸20T(布林中線)以上出場,-44(17%)/-143(50%)/-67(21%)/-346(55%)/-75(20%),-675(36%)
2026-06-15,2468,華經,37.85,493 張,5,80.0%,12.04%,46.87%,-9.42%,21.38,1,站上60T進場,乖離率大於15%停利出場,+41(1%)/-116(4%)/+70(4%)/+104(11%)/+40(5%),+139(1%)
2026-06-15,2480,敦陽科,146.5,410 張,4,100.0%,1.05%,1.61%,0.7%,0.39,1,站上60T進場,碰觸20T(布林中線)以上出場,+1(0%)/-113(21%)/-27(4%)/-363(31%)/-190(18%),-692(18%)
2026-06-15,2485,兆赫,60.5,7874 張,5,80.0%,12.14%,31.43%,-40.88%,30.0,2,直接進場,乖離率大於15%停利出場,+97(1%)/+504(3%)/-1701(11%)/-728(6%)/-279(2%),-2107(3%)
2026-06-15,2483,百容,35.95,3580 張,6,83.3%,1.31%,5.84%,-2.86%,2.98,1,站上60T進場,碰觸20T(布林中線)以上出場,+461(5%)/+475(8%)/+220(7%)/-835(5%)/+277(4%),+598(1%)
2026-06-15,2603,長榮,220.0,17533 張,37,78.4%,1.37%,9.6%,-6.05%,2.96,1,碰觸BBAND下緣進場,碰觸20T(布林中線)以上出場,-3043(14%)/+1580(7%)/-1297(7%)/-4724(23%)/-2594(8%),-10078(9%)
2026-06-15,2606,裕民,61.0,12910 張,25,72.0%,1.27%,10.05%,-24.44%,6.79,1,碰觸BBAND下緣進場,KD且RSI大於70且在BBAND中線以上出場,-1653(32%)/-1121(19%)/+844(21%)/-5898(66%)/+3767(17%),-4061(9%)
2026-06-15,2636,台驊控股,70.4,166 張,6,83.3%,2.6%,9.0%,-5.82%,5.24,1,站上60T進場,布林通道觸頂出場,+267(57%)/+146(39%)/+351(56%)/+143(28%)/-14(5%),+893(39%)
2026-06-15,2850,新產,138.0,2505 張,5,80.0%,0.93%,1.96%,-0.44%,0.98,1,站上60T進場,KD且RSI大於70且在BBAND中線以上出場,-99(22%)/-219(28%)/-297(40%)/-187(18%)/+1087(30%),+285(4%)
2026-06-15,3005,神基,102.0,2131 張,4,75.0%,0.2%,13.22%,-23.86%,16.57,1,站上60T進場,布林通道觸頂出場,+151(3%)/+1005(23%)/+1678(25%)/-3592(69%)/-1975(39%),-2733(10%)
2026-06-15,3015,全漢,57.0,954 張,30,76.7%,0.92%,7.98%,-19.44%,4.55,1,碰觸BBAND下緣進場,KD且RSI大於70且在BBAND中線以上出場,+171(6%)/+485(25%)/-424(14%)/+217(11%)/-244(16%),+205(2%)
2026-06-15,3036,文曄,218.5,6741 張,3,100.0%,52.19%,101.91%,21.43%,43.46,1,碰觸BBAND下緣進場,乖離率大於15%停利出場,-2535(15%)/+1068(5%)/-2397(23%)/-3976(34%)/-2591(26%),-10431(14%)
2026-06-15,3048,益登,71.1,5164 張,5,80.0%,21.4%,49.25%,-28.47%,30.35,1,站上60T進場,乖離率大於15%停利出場,+800(2%)/+1689(5%)/-7720(22%)/+4590(22%)/-639(6%),-1280(1%)
2026-06-15,3047,訊舟,15.45,670 張,11,90.9%,2.77%,9.75%,-0.36%,3.11,1,站上60T進場,碰觸20T(布林中線)以上出場,-66(2%)/-238(20%)/+8(1%)/+285(31%)/-216(22%),-227(3%)
2026-06-15,3138,耀登,136.0,420 張,4,75.0%,0.68%,5.76%,-6.14%,5.06,1,站上60T進場,KD且RSI大於70且在BBAND中線以上出場,-55(7%)/+107(11%)/-53(8%)/-18(3%)/-12(2%),-31(1%)
2026-06-15,3432,台端,18.0,66 張,7,85.7%,9.13%,29.07%,-31.26%,19.17,1,碰觸BBAND下緣進場,乖離率大於15%停利出場,+1(2%)/-24(27%)/+15(20%)/-5(9%)/-24(35%),-37(11%)
2026-06-15,3376,新日興,199.5,2847 張,13,84.6%,2.19%,7.13%,-8.35%,3.79,1,站上60T進場,碰觸20T(布林中線)以上出場,-6175(32%)/+297(3%)/-1875(25%)/-1348(31%)/-2215(48%),-11316(25%)
2026-06-15,3576,聯合再生,19.0,29053 張,4,75.0%,5.75%,13.88%,-0.25%,6.55,1,站上5T進場,跌破5T出場(停損/利),+2119(4%)/+2940(10%)/+31127(42%)/+13339(16%)/-20488(34%),+29037(9%)
2026-06-15,3665,貿聯-KY,2130.0,1834 張,12,75.0%,3.3%,8.09%,-0.42%,2.86,1,站上60T進場,KD且RSI大於70且在BBAND中線以上出場,+449(0%)/-536(9%)/-281(7%)/-793(27%)/-204(8%),-1365(9%)
2026-06-15,3706,神達,84.4,9337 張,3,100.0%,19.74%,23.08%,14.23%,4.8,1,直接進場,乖離率大於15%停利出場,-10807(37%)/-2178(16%)/-5154(30%)/-5186(36%)/-6845(42%),-30170(33%)
2026-06-15,4526,東台,38.1,2134 張,12,91.7%,3.05%,6.11%,-2.9%,2.38,1,站上60T進場,碰觸20T(布林中線)以上出場,+501(9%)/+1293(23%)/-1731(33%)/-505(13%)/+517(16%),+75(0%)
2026-06-15,4588,玖鼎電力,58.2,24 張,6,83.3%,0.75%,5.6%,-9.76%,5.38,1,站上60T進場,碰觸20T(布林中線)以上出場,-13(14%)/+24(24%)/+45(33%)/+10(19%)/+13(20%),+79(18%)
2026-06-15,4540,全球傳動,59.5,1602 張,5,100.0%,13.76%,24.31%,3.53%,9.61,1,站上60T進場,乖離率大於15%停利出場,+107(2%)/+380(13%)/-281(13%)/+95(4%)/-339(13%),-38(0%)
2026-06-15,4739,康普,116.0,4202 張,3,100.0%,1.82%,3.93%,0.43%,1.86,1,站上5T進場,KD且RSI大於70且在BBAND中線以上出場,+1755(12%)/-1059(14%)/-1384(23%)/-34(1%)/-1537(23%),-2259(5%)
2026-06-15,4916,事欣科,99.0,2964 張,3,100.0%,43.22%,65.42%,8.22%,30.67,2,站上60T進場,乖離率大於15%停利出場,+566(4%)/-2076(13%)/-1141(8%)/-909(6%)/-567(8%),-4127(6%)
2026-06-15,4912,聯德控股-KY,88.8,293 張,47,83.0%,1.3%,11.33%,-31.36%,6.32,1,直接進場,站上60T出場,+2(0%)/-12(2%)/-37(8%)/+106(26%)/-73(18%),-14(0%)
2026-06-15,4949,有成精密,85.4,918 張,5,100.0%,19.04%,35.3%,8.74%,11.03,2,站上60T進場,乖離率大於15%停利出場,+251(15%)/+81(6%)/-233(20%)/-202(17%)/-92(6%),-195(3%)
2026-06-15,5243,乙盛-KY,106.0,1804 張,10,90.0%,2.58%,8.17%,-0.97%,2.84,1,站上60T進場,碰觸20T(布林中線)以上出場,+618(13%)/+327(9%)/-97(4%)/+173(5%)/-263(9%),+758(4%)
2026-06-15,5258,虹堡,49.2,414 張,11,90.9%,0.68%,2.0%,0.0%,0.63,1,站上60T進場,站上60T出場,-127(21%)/+225(23%)/-144(26%)/+176(43%)/-37(6%),+93(3%)
2026-06-15,6112,邁達特,45.5,599 張,13,92.3%,2.71%,6.65%,-2.32%,2.28,1,站上60T進場,碰觸20T(布林中線)以上出場,-52(2%)/-141(14%)/+33(5%)/-107(13%)/-44(6%),-311(5%)
2026-06-15,6152,百一,14.5,1206 張,4,100.0%,34.39%,73.15%,8.99%,27.8,1,站上60T進場,乖離率大於15%停利出場,-449(21%)/-379(32%)/+666(51%)/+58(4%)/-1210(60%),-1314(16%)
2026-06-15,6205,詮欣,80.5,648 張,4,75.0%,11.25%,48.11%,-31.73%,32.85,1,直接進場,乖離率大於15%停利出場,+120(6%)/+279(17%)/+658(20%)/-192(4%)/-111(10%),+754(6%)
2026-06-15,6272,驊陞,32.05,385 張,4,100.0%,4.25%,9.29%,0.91%,3.56,1,碰觸BBAND下緣進場,布林通道觸頂出場,+102(18%)/-2(1%)/-56(15%)/-82(23%)/+42(8%),+4(0%)
2026-06-15,6414,樺漢,364.5,1259 張,7,100.0%,3.26%,8.4%,0.65%,2.65,1,站上60T進場,布林通道觸頂出場,+98(4%)/+34(2%)/-991(42%)/-586(22%)/+1082(39%),-363(3%)
2026-06-15,6405,悅城,59.5,1219 張,4,100.0%,25.8%,35.26%,15.6%,9.05,2,站上60T進場,乖離率大於15%停利出場,-16(3%)/-44(7%)/-906(21%)/-200(5%)/+501(22%),-665(6%)
2026-06-15,6443,元晶,39.05,10576 張,8,75.0%,1.3%,4.53%,-3.7%,3.07,1,站上60T進場,布林通道觸頂出場,+6094(8%)/-7672(16%)/+14137(32%)/-5902(16%)/-5425(25%),+1232(1%)
2026-06-15,5522,遠雄,76.3,784 張,9,88.9%,0.71%,1.92%,-0.57%,0.81,1,站上60T進場,站上60T出場,+986(19%)/+500(14%)/-86(6%)/-188(18%)/-238(20%),+974(8%)
2026-06-15,6558,興能高,30.2,386 張,3,100.0%,11.75%,26.93%,0.34%,13.69,1,碰觸BBAND下緣進場,乖離率大於15%停利出場,-113(16%)/-31(6%)/+129(32%)/+43(11%)/+37(7%),+65(3%)
2026-06-15,6606,建德工業,25.8,249 張,20,80.0%,1.02%,5.0%,-3.75%,1.99,1,碰觸BBAND下緣進場,站上60T出場,+14(5%)/+4(4%)/+15(8%)/+78(33%)/-25(8%),+86(8%)
2026-06-15,6753,龍德造船,118.5,385 張,4,75.0%,19.78%,46.02%,-1.12%,23.35,1,直接進場,乖離率大於15%停利出場,-49(11%)/-10(2%)/+23(9%)/+69(22%)/+2(0%),+35(2%)
2026-06-15,6805,富世達,1730.0,534 張,5,80.0%,1.94%,16.46%,-29.95%,18.25,1,站上60T進場,布林通道觸頂出場,-1072(46%)/-108(11%)/+218(13%)/-1113(55%)/-167(17%),-2242(28%)
2026-06-15,6901,鑽石投資,15.55,1662 張,7,71.4%,0.17%,4.6%,-6.56%,3.82,1,站上60T進場,碰觸20T(布林中線)以上出場,-27(1%)/+146(5%)/+730(25%)/+252(7%)/+738(28%),+1839(11%)
2026-06-15,6873,泓德能源,79.0,690 張,6,83.3%,1.4%,5.19%,-6.64%,4.32,1,站上60T進場,布林通道觸頂出場,+86(19%)/-405(35%)/-159(26%)/-185(31%)/-260(27%),-923(24%)
2026-06-15,8045,達運光電,61.2,74 張,5,100.0%,1.02%,3.33%,0.12%,1.32,1,站上60T進場,站上60T出場,+24(8%)/-24(13%)/+43(28%)/+56(25%)/-20(17%),+79(8%)
2026-06-15,8103,瀚荃,93.1,562 張,7,85.7%,2.07%,10.53%,-3.5%,4.3,1,站上60T進場,碰觸20T(布林中線)以上出場,-54(3%)/-62(7%)/+222(28%)/-110(21%)/-247(31%),-251(5%)
2026-06-15,8039,台虹,141.5,3863 張,4,100.0%,29.64%,64.47%,4.99%,25.06,1,碰觸BBAND下緣進場,乖離率大於15%停利出場,-326(5%)/+957(12%)/+7827(44%)/-959(8%)/-1314(18%),+6185(12%)
2026-06-15,8112,至上,96.0,9966 張,3,100.0%,30.07%,52.41%,4.68%,24.01,1,碰觸BBAND下緣進場,乖離率大於15%停利出場,-279(0%)/-3974(7%)/+17556(26%)/-12943(34%)/-743(4%),-383(0%)
2026-06-15,8210,勤誠,1350.0,1103 張,9,77.8%,1.65%,7.57%,-3.25%,3.43,1,站上60T進場,布林通道觸頂出場,-109(3%)/-125(9%)/+1(0%)/-255(19%)/-742(44%),-1230(13%)
2026-06-15,8473,山林水,49.5,1099 張,30,73.3%,0.71%,11.28%,-23.88%,6.2,1,碰觸BBAND下緣進場,KD且RSI大於70且在BBAND中線以上出場,+922(27%)/+828(20%)/-366(15%)/+71(3%)/-126(7%),+1329(9%)
2026-06-15,9103,美德醫療-DR,5.26,1270 張,4,75.0%,2.95%,18.75%,-24.16%,19.45,3,碰觸BBAND下緣進場,乖離率大於15%停利出場,+177(5%)/-131(4%)/-276(15%)/-153(7%)/+153(9%),-230(2%)
2026-06-15,9904,寶成,26.2,13143 張,4,100.0%,1.9%,3.23%,0.93%,0.99,1,站上60T進場,KD且RSI大於70且在BBAND中線以上出場,+1408(5%)/-6526(38%)/+4838(27%)/-8854(46%)/-11507(51%),-20641(20%)
2026-06-15,9934,成霖,10.3,533 張,10,70.0%,1.34%,5.84%,-2.9%,2.67,1,站上60T進場,布林通道觸頂出場,+875(37%)/-224(17%)/+266(20%)/-81(8%)/-49(6%),+787(11%)
2026-06-17,1307,三芳,36.25,1138 張,8,87.5%,3.66%,11.48%,-4.36%,4.67,1,站上60T進場,KD且RSI大於70且在BBAND中線以上出場,+144(11%)/+1654(58%)/+133(7%)/+380(17%)/-409(25%),+1902(19%)
2026-06-17,1524,耿鼎,29.25,435 張,9,77.8%,1.0%,4.75%,-5.08%,2.73,1,站上60T進場,KD且RSI大於70且在BBAND中線以上出場,-101(12%)/-6(1%)/+147(19%)/-50(7%)/-59(10%),-69(2%)
2026-06-17,1598,岱宇,20.35,299 張,7,71.4%,1.57%,9.14%,-3.83%,4.23,1,站上60T進場,KD且RSI大於70且在BBAND中線以上出場,+25(10%)/+48(31%)/+162(56%)/+104(43%)/-18(5%),+321(25%)
2026-06-17,1713,國化,49.75,128 張,8,75.0%,0.23%,0.6%,-0.35%,0.31,1,站上60T進場,站上60T出場,+4(4%)/+312(48%)/+70(18%)/+37(20%)/-23(15%),+400(27%)
2026-06-17,2015,豐興,62.5,193 張,34,70.6%,0.57%,5.33%,-17.79%,4.12,1,直接進場,布林通道觸頂出場,+84(25%)/+366(56%)/+324(57%)/+18(5%)/+18(5%),+810(36%)
2026-06-17,2017,官田鋼,9.29,304 張,5,80.0%,0.41%,1.0%,-0.34%,0.5,1,站上60T進場,站上60T出場,-146(32%)/+273(21%)/-30(4%)/-77(15%)/-66(15%),-46(1%)
2026-06-17,2105,正新,29.8,61398 張,5,100.0%,1.94%,4.55%,0.78%,1.5,1,站上60T進場,KD且RSI大於70且在BBAND中線以上出場,-239(1%)/-8847(57%)/-9005(38%)/-4276(20%)/+1702(2%),-20665(12%)
2026-06-17,2103,台橡,21.1,3863 張,35,77.1%,0.08%,7.16%,-14.38%,3.81,1,碰觸BBAND下緣進場,站上60T出場,+918(12%)/+2001(25%)/+978(15%)/+277(6%)/+97(1%),+4271(13%)
2026-06-17,2308,台達電,2160.0,7761 張,32,81.2%,1.66%,12.25%,-14.21%,4.69,1,碰觸BBAND下緣進場,站上60T出場,-182(1%)/-175(2%)/-1904(22%)/+1773(20%)/-3356(29%),-3844(7%)
2026-06-17,2115,六暉-KY,20.85,120 張,23,73.9%,0.76%,8.45%,-12.32%,3.93,1,碰觸BBAND下緣進場,布林通道觸頂出場,+7(7%)/+29(18%)/-12(9%)/-24(8%)/-23(13%),-23(3%)
2026-06-17,2450,神腦,29.05,527 張,25,80.0%,0.87%,5.32%,-3.93%,1.84,1,碰觸BBAND下緣進場,KD且RSI大於70且在BBAND中線以上出場,+6(3%)/+66(20%)/-86(21%)/+467(92%)/+14(1%),+467(18%)
2026-06-17,2603,長榮,194.0,29767 張,38,78.9%,1.4%,9.6%,-6.05%,2.92,1,碰觸BBAND下緣進場,碰觸20T(布林中線)以上出場,+1580(7%)/-1297(7%)/-4724(23%)/-2594(8%)/+1776(3%),-5259(3%)
2026-06-17,3708,上緯投控,115.0,669 張,30,73.3%,1.41%,11.35%,-17.26%,5.29,1,碰觸BBAND下緣進場,KD且RSI大於70且在BBAND中線以上出場,-25(4%)/-10(2%)/+120(46%)/-147(28%)/-543(62%),-605(21%)
2026-06-17,5306,桂盟,86.2,93 張,4,100.0%,0.69%,1.64%,0.35%,0.63,1,站上60T進場,站上60T出場,-58(29%)/+105(19%)/-71(20%)/-27(19%)/-13(13%),-64(5%)
2026-06-17,6442,光聖,1845.0,436 張,9,88.9%,35.36%,102.06%,-2.12%,33.42,1,直接進場,乖離率大於15%停利出場,-241(18%)/-54(7%)/-17(3%)/-95(15%)/-145(23%),-552(14%)
2026-06-17,6835,圓裕,36.1,50 張,6,100.0%,1.96%,3.01%,0.75%,0.93,1,站上60T進場,碰觸20T(布林中線)以上出場,-82(60%)/-47(49%)/-30(47%)/-9(18%)/-27(37%),-195(47%)
2026-06-17,6873,泓德能源,77.5,422 張,6,83.3%,1.4%,5.19%,-6.64%,4.32,1,站上60T進場,布林通道觸頂出場,+86(19%)/-405(35%)/-159(26%)/-185(31%)/-39(7%),-702(21%)
2026-06-17,8011,台通,17.95,1082 張,3,100.0%,2.29%,4.73%,0.82%,2.13,1,站上5T進場,KD且RSI大於70且在BBAND中線以上出場,-380(40%)/+114(10%)/+131(22%)/-36(5%)/-17(1%),-188(4%)
2026-06-17,8045,達運光電,61.2,149 張,5,100.0%,1.02%,3.33%,0.12%,1.32,1,站上60T進場,站上60T出場,-24(13%)/+43(28%)/+56(25%)/-20(17%)/-3(2%),+52(6%)
2026-06-17,9926,新海,49.2,1 張,8,100.0%,1.06%,1.93%,0.3%,0.53,1,碰觸BBAND下緣進場,碰觸20T(布林中線)以上出場,+11(85%)/+1(12%)/+6(37%)/+11(65%)/-8(100%),+21(38%)
2026-06-18,1216,統一,74.7,11764 張,44,77.3%,0.27%,2.58%,-7.17%,2.03,1,直接進場,站上60T出場,+6320(46%)/-680(4%)/-341(4%)/-1819(17%)/-337(1%),+3143(4%)
2026-06-18,1457,宜進,14.25,299 張,32,78.1%,0.9%,5.76%,-5.43%,1.88,1,碰觸BBAND下緣進場,碰觸20T(布林中線)以上出場,+73(28%)/+1(1%)/+46(37%)/-52(29%)/+55(15%),+123(11%)
2026-06-18,1423,利華,39.65,146 張,3,100.0%,1.16%,1.49%,0.52%,0.56,1,站上60T進場,碰觸20T(布林中線)以上出場,+55(1%)/-60(8%)/-26(13%)/-9(2%)/+7(2%),-33(1%)
2026-06-18,1598,岱宇,20.15,185 張,7,71.4%,1.57%,9.14%,-3.83%,4.23,2,站上60T進場,KD且RSI大於70且在BBAND中線以上出場,+48(31%)/+162(56%)/+104(43%)/-18(5%)/-65(24%),+231(18%)
2026-06-18,1712,興農,39.3,740 張,4,100.0%,1.09%,1.69%,0.54%,0.61,1,站上60T進場,KD且RSI大於70且在BBAND中線以上出場,-36(8%)/+56(6%)/-135(17%)/-228(48%)/+2(0%),-341(10%)
2026-06-18,2101,南港,32.5,1707 張,6,83.3%,1.04%,2.21%,-0.65%,0.97,1,站上60T進場,碰觸20T(布林中線)以上出場,+1101(38%)/+656(42%)/+371(23%)/-408(24%)/+20(1%),+1740(17%)
2026-06-18,2015,豐興,61.4,393 張,34,70.6%,0.57%,5.33%,-17.79%,4.12,2,直接進場,布林通道觸頂出場,+366(56%)/+324(57%)/+18(5%)/+18(5%)/-235(37%),+491(19%)
2026-06-18,2115,六暉-KY,20.6,74 張,23,73.9%,0.76%,8.45%,-12.32%,3.93,2,碰觸BBAND下緣進場,布林通道觸頂出場,+29(18%)/-12(9%)/-24(8%)/+18(10%)/-22(12%),-11(1%)
2026-06-18,2399,映泰,48.05,9935 張,3,100.0%,16.98%,33.39%,5.66%,14.54,1,站上60T進場,乖離率大於15%停利出場,+1763(34%)/+403(8%)/+4370(31%)/-1196(3%)/+215(1%),+5555(6%)
2026-06-18,2450,神腦,29.05,222 張,25,80.0%,0.87%,5.32%,-3.93%,1.84,2,碰觸BBAND下緣進場,KD且RSI大於70且在BBAND中線以上出場,+66(20%)/-86(21%)/+467(92%)/-438(42%)/-64(22%),-55(2%)
2026-06-18,2506,太設,8.92,105 張,5,100.0%,5.08%,11.76%,0.1%,4.65,1,站上60T進場,碰觸20T(布林中線)以上出場,+16(13%)/+39(33%)/+54(46%)/+10(17%)/+1(1%),+120(20%)
2026-06-18,2535,達欣工,94.0,509 張,9,77.8%,1.33%,2.92%,-0.56%,1.17,1,站上60T進場,KD且RSI大於70且在BBAND中線以上出場,+168(34%)/+333(43%)/+171(16%)/+63(11%)/-64(8%),+671(18%)
2026-06-18,2612,中航,53.7,417 張,3,100.0%,2.11%,2.37%,1.94%,0.23,1,站上5T進場,KD且RSI大於70且在BBAND中線以上出場,+353(69%)/+9(3%)/-202(38%)/-118(28%)/-280(42%),-238(10%)
2026-06-18,2543,皇昌,44.45,1926 張,4,100.0%,32.55%,55.9%,14.14%,19.49,1,碰觸BBAND下緣進場,乖離率大於15%停利出場,-162(10%)/+13(1%)/+229(14%)/+84(8%)/-145(5%),+19(0%)
2026-06-18,2820,華票,17.7,2241 張,12,75.0%,0.59%,1.8%,-0.98%,0.81,1,碰觸BBAND下緣進場,KD且RSI大於70且在BBAND中線以上出場,+633(29%)/-20(1%)/+2536(73%)/+770(27%)/-71(2%),+3848(26%)
2026-06-18,3130,一零四,223.0,36 張,24,79.2%,0.36%,2.48%,-3.7%,1.24,1,碰觸BBAND下緣進場,碰觸20T(布林中線)以上出場,-5(15%)/+1(2%)/-13(49%)/-4(33%)/-22(43%),-43(25%)
2026-06-18,3528,安馳,110.5,2450 張,3,100.0%,25.51%,42.95%,8.22%,17.36,1,碰觸BBAND下緣進場,乖離率大於15%停利出場,+25(6%)/-43(5%)/-210(12%)/+171(21%)/-13(0%),-70(1%)
2026-06-18,3501,維熹,41.8,456 張,3,100.0%,1.81%,2.75%,0.91%,0.92,1,站上5T進場,KD且RSI大於70且在BBAND中線以上出場,-13(5%)/+31(18%)/-224(34%)/-120(30%)/+2(0%),-324(15%)
2026-06-18,5538,東明-KY,32.0,32 張,3,100.0%,1.76%,2.63%,0.79%,0.92,1,站上60T進場,站上60T出場,+2(7%)/+18(56%)/+14(34%)/-2(10%)/-2(4%),+30(17%)
2026-06-18,7765,中華資安,238.0,123 張,8,87.5%,0.96%,4.26%,-5.19%,2.78,1,碰觸BBAND下緣進場,布林通道觸頂出場,-4(7%)/+37(26%)/-23(36%)/+7(6%)/-52(27%),-35(6%)
2026-06-18,9911,櫻花,82.5,252 張,29,82.8%,0.31%,2.37%,-6.63%,1.6,1,碰觸BBAND下緣進場,站上60T出場,+24(10%)/-132(37%)/-4(3%)/-62(28%)/-57(17%),-231(18%)
2026-06-23,1225,福懋油,30.3,206 張,3,100.0%,3.1%,6.17%,1.56%,2.66,1,站上60T進場,KD且RSI大於70且在BBAND中線以上出場,+27(6%)/-199(11%)/-149(56%)/-74(42%)/+18(7%),-377(13%)
2026-06-23,1307,三芳,35.2,743 張,8,87.5%,3.66%,11.48%,-4.36%,4.67,1,站上60T進場,KD且RSI大於70且在BBAND中線以上出場,+380(17%)/-409(26%)/+253(29%)/+221(19%)/-269(16%),+176(2%)
2026-06-23,1319,東陽,79.7,8034 張,6,100.0%,3.67%,6.51%,1.77%,1.71,1,站上60T進場,KD且RSI大於70且在BBAND中線以上出場,-1000(25%)/-950(25%)/-2318(23%)/-4782(24%)/+274(2%),-8776(16%)
2026-06-23,1326,台化,53.3,17879 張,3,100.0%,0.69%,1.22%,0.1%,0.56,1,站上5T進場,KD且RSI大於70且在BBAND中線以上出場,+12882(32%)/+7684(23%)/+2621(8%)/+10950(33%)/-12436(24%),+21701(11%)
2026-06-23,1522,堤維西,30.5,720 張,44,79.5%,1.13%,14.88%,-22.78%,6.28,1,碰觸BBAND下緣進場,KD且RSI大於70且在BBAND中線以上出場,+14(2%)/+189(32%)/-100(7%)/-508(42%)/-327(30%),-732(15%)
2026-06-23,1530,亞崴,28.85,122 張,4,100.0%,1.62%,1.85%,1.38%,0.2,1,站上60T進場,KD且RSI大於70且在BBAND中線以上出場,+4(6%)/-1(1%)/+4(3%)/+57(23%)/+41(18%),+105(14%)
2026-06-23,1537,廣隆,125.5,109 張,29,89.7%,1.21%,9.77%,-0.75%,1.82,1,碰觸BBAND下緣進場,碰觸20T(布林中線)以上出場,+21(36%)/+17(34%)/-5(8%)/+13(20%)/-11(8%),+35(9%)
2026-06-23,1524,耿鼎,29.0,554 張,9,77.8%,1.0%,4.75%,-5.08%,2.73,1,站上60T進場,KD且RSI大於70且在BBAND中線以上出場,-50(7%)/-59(10%)/-52(6%)/-151(17%)/-288(30%),-600(15%)
2026-06-23,1605,華新,37.85,40789 張,4,100.0%,1.87%,5.03%,0.19%,2.17,1,站上5T進場,KD且RSI大於70且在BBAND中線以上出場,-13323(27%)/-9255(25%)/-12105(20%)/+36652(40%)/-23212(32%),-21243(7%)
2026-06-23,1603,華電,31.15,157 張,8,75.0%,0.51%,5.64%,-9.53%,5.64,1,站上60T進場,布林通道觸頂出場,-27(9%)/-78(44%)/-57(18%)/+13(3%)/+28(8%),-121(8%)
2026-06-23,1598,岱宇,19.7,117 張,7,71.4%,1.57%,9.14%,-3.83%,4.23,1,站上60T進場,KD且RSI大於70且在BBAND中線以上出場,+104(43%)/-18(5%)/-65(24%)/-73(22%)/-75(44%),-127(9%)
2026-06-23,1616,億泰,21.85,435 張,3,100.0%,53.05%,98.09%,25.74%,39.3,1,碰觸BBAND下緣進場,乖離率大於15%停利出場,+73(16%)/+53(9%)/-166(24%)/+142(27%)/-210(29%),-108(4%)
2026-06-23,1717,長興,71.6,5462 張,3,100.0%,21.91%,29.7%,12.52%,8.7,1,碰觸BBAND下緣進場,乖離率大於15%停利出場,-689(9%)/+831(12%)/+1179(11%)/+2185(14%)/-1622(14%),+1884(4%)
2026-06-23,1722,台肥,47.6,1234 張,5,80.0%,0.34%,1.5%,-1.78%,1.28,1,站上60T進場,碰觸20T(布林中線)以上出場,+443(18%)/+571(32%)/-638(18%)/+511(19%)/-183(9%),+704(6%)
2026-06-23,1903,士紙,47.35,147 張,5,80.0%,0.62%,1.4%,-0.3%,0.75,1,站上60T進場,站上60T出場,+30(16%)/+1(1%)/+34(26%)/-22(10%)/-13(7%),+30(3%)
2026-06-23,1904,正隆,21.7,2580 張,5,80.0%,0.69%,4.19%,-5.47%,3.79,1,站上60T進場,KD且RSI大於70且在BBAND中線以上出場,+422(9%)/-576(12%)/+717(16%)/+95(3%)/+715(16%),+1373(6%)
2026-06-23,2009,第一銅,38.85,1183 張,4,100.0%,31.47%,65.56%,4.02%,25.51,1,碰觸BBAND下緣進場,乖離率大於15%停利出場,-307(17%)/-80(6%)/-821(30%)/+24(1%)/-1019(46%),-2203(22%)
2026-06-23,2027,大成鋼,40.2,10856 張,39,71.8%,0.49%,8.66%,-23.34%,5.25,1,直接進場,布林通道觸頂出場,-11163(32%)/+1053(6%)/-3558(16%)/+4026(27%)/-5999(33%),-15641(15%)
2026-06-23,2101,南港,31.35,904 張,6,83.3%,1.04%,2.21%,-0.65%,0.97,1,站上60T進場,碰觸20T(布林中線)以上出場,+371(23%)/-408(24%)/-131(5%)/+248(11%)/+40(3%),+120(1%)
2026-06-23,2106,建大,16.95,641 張,4,75.0%,0.38%,1.15%,0.0%,0.52,1,站上60T進場,站上60T出場,-101(17%)/-429(46%)/0(0%)/-603(47%)/-519(53%),-1652(36%)
2026-06-23,2201,裕隆,27.05,1716 張,3,100.0%,1.64%,2.81%,0.36%,1.23,1,站上60T進場,KD且RSI大於70且在BBAND中線以上出場,+353(21%)/+100(6%)/-586(14%)/-1786(35%)/-940(28%),-2859(18%)
2026-06-23,2233,宇隆,284.0,836 張,4,100.0%,41.67%,81.11%,16.27%,28.21,1,碰觸BBAND下緣進場,乖離率大於15%停利出場,-89(8%)/-59(7%)/-31(5%)/-142(12%)/-617(30%),-938(16%)
2026-06-23,2241,艾姆勒,47.6,1851 張,5,80.0%,15.21%,38.9%,-20.81%,24.49,1,直接進場,乖離率大於15%停利出場,+65(2%)/+900(18%)/+2561(31%)/-683(10%)/-49(1%),+2794(10%)
2026-06-23,2308,台達電,2095.0,6445 張,31,80.6%,1.55%,12.25%,-14.21%,4.73,1,碰觸BBAND下緣進場,站上60T出場,+922(11%)/-3356(34%)/-613(6%)/-2308(17%)/-3145(21%),-8500(15%)
2026-06-23,2317,鴻海,259.5,48344 張,37,70.3%,0.9%,9.51%,-21.35%,6.16,1,直接進場,布林通道觸頂出場,+9147(17%)/-8411(21%)/-29378(44%)/-13823(22%)/-33184(36%),-75649(24%)
2026-06-23,2328,廣宇,51.8,3238 張,4,100.0%,3.43%,7.85%,0.98%,3.05,1,站上5T進場,MACD柱狀體翻綠出場,-422(11%)/+114(2%)/+300(6%)/+1221(20%)/-183(4%),+1030(4%)
2026-06-23,2355,敬鵬,56.1,4492 張,10,80.0%,0.93%,3.83%,-6.59%,2.99,1,站上60T進場,碰觸20T(布林中線)以上出場,-1056(5%)/-576(6%)/+134(1%)/+1022(11%)/-756(8%),-1232(2%)
2026-06-23,2354,鴻準,56.7,5468 張,43,72.1%,0.59%,9.08%,-23.23%,4.91,1,碰觸BBAND下緣進場,站上60T出場,-813(15%)/+869(23%)/+874(11%)/-1964(20%)/-2835(27%),-3869(10%)
2026-06-23,2362,藍天,46.05,959 張,4,75.0%,12.88%,32.59%,-22.82%,24.68,1,碰觸BBAND下緣進場,乖離率大於15%停利出場,+148(6%)/-233(15%)/+376(18%)/-65(4%)/-446(25%),-220(2%)
2026-06-23,2367,燿華,58.4,8857 張,3,100.0%,43.41%,53.16%,35.88%,8.85,1,碰觸BBAND下緣進場,乖離率大於15%停利出場,-2539(8%)/+676(2%)/-2247(13%)/+2510(12%)/-1988(9%),-3588(3%)
2026-06-23,2375,凱美,200.5,5802 張,4,100.0%,24.36%,34.91%,11.68%,9.61,1,碰觸BBAND下緣進場,乖離率大於15%停利出場,-6193(16%)/+5000(19%)/+18(0%)/-3327(10%)/-72(1%),-4574(3%)
2026-06-23,2393,億光,69.5,1538 張,7,85.7%,1.01%,7.2%,-6.02%,3.86,1,站上60T進場,KD且RSI大於70且在BBAND中線以上出場,+909(21%)/-662(17%)/-567(14%)/-85(3%)/-1202(44%),-1607(9%)
2026-06-23,2413,環科,52.2,2197 張,3,100.0%,19.69%,26.77%,5.75%,12.07,1,站上5T進場,乖離率大於15%停利出場,-26(0%)/-695(19%)/-552(17%)/-130(4%)/-445(9%),-1848(8%)
2026-06-23,2405,輔信,18.55,1964 張,36,77.8%,1.38%,7.92%,-25.12%,5.79,1,碰觸BBAND下緣進場,站上60T出場,-1309(35%)/+1510(33%)/-598(14%)/+1219(24%)/+43(1%),+865(4%)
2026-06-23,2419,仲琦,28.55,878 張,11,81.8%,0.81%,6.06%,-10.8%,5.07,1,站上60T進場,碰觸20T(布林中線)以上出場,-508(34%)/+154(11%)/+59(5%)/+50(3%)/-421(26%),-666(9%)
2026-06-23,2414,精技,61.2,300 張,5,80.0%,0.61%,1.76%,-0.69%,0.88,1,站上60T進場,碰觸20T(布林中線)以上出場,+84(11%)/+73(20%)/+132(20%)/+67(14%)/-14(3%),+342(13%)
2026-06-23,2439,美律,91.1,836 張,5,100.0%,1.21%,1.74%,0.47%,0.49,1,站上60T進場,碰觸20T(布林中線)以上出場,-736(39%)/-2(0%)/-1036(42%)/+242(13%)/-527(34%),-2059(17%)
2026-06-23,2451,創見,301.0,3621 張,4,100.0%,6.83%,10.74%,3.91%,3.0,1,站上5T進場,站上60T出場,-102(3%)/-2000(37%)/-2602(46%)/-2115(33%)/-2604(43%),-9423(34%)
2026-06-23,2461,光群雷,17.45,1311 張,7,85.7%,1.96%,5.85%,-0.22%,2.04,1,站上60T進場,布林通道觸頂出場,+195(9%)/-127(13%)/-4(0%)/-187(9%)/+127(7%),+4(0%)
2026-06-23,2472,立隆電,363.5,4817 張,51,70.6%,0.6%,4.93%,-20.62%,3.79,1,直接進場,站上60T出場,-3129(18%)/+410(3%)/+1647(9%)/+64(0%)/+214(2%),-794(1%)
2026-06-23,2485,兆赫,57.3,6607 張,5,80.0%,12.14%,31.43%,-40.88%,30.0,1,直接進場,乖離率大於15%停利出場,-279(2%)/+2250(13%)/-678(8%)/+696(7%)/-797(6%),+1192(2%)
2026-06-23,2484,希華,63.0,6529 張,3,100.0%,2.05%,3.0%,0.82%,1.12,1,站上5T進場,KD且RSI大於70且在BBAND中線以上出場,-1167(2%)/-2241(6%)/-288(1%)/-1696(6%)/+1588(11%),-3804(2%)
2026-06-23,2501,國建,24.25,2958 張,11,81.8%,0.96%,6.39%,-3.81%,2.63,1,站上60T進場,碰觸20T(布林中線)以上出場,-965(15%)/+4194(41%)/+1395(11%)/-1135(12%)/-68(1%),+3421(8%)
2026-06-23,2537,聯上發,10.85,1087 張,11,81.8%,1.5%,7.24%,-8.15%,4.55,1,站上60T進場,碰觸20T(布林中線)以上出場,-1873(31%)/-32(0%)/+549(8%)/-1355(26%)/-148(8%),-2859(10%)
2026-06-23,2543,皇昌,41.95,733 張,4,100.0%,32.55%,55.9%,14.14%,19.49,1,碰觸BBAND下緣進場,乖離率大於15%停利出場,+229(14%)/+84(8%)/-145(5%)/+77(4%)/+160(10%),+405(4%)
2026-06-23,2723,美食-KY,65.2,282 張,69,71.0%,0.61%,8.37%,-10.24%,2.85,1,直接進場,碰觸20T(布林中線)以上出場,-77(34%)/-54(25%)/-53(17%)/-6(2%)/+47(12%),-143(10%)
2026-06-23,2911,麗嬰房,7.5,335 張,4,75.0%,3.22%,9.52%,-1.68%,4.65,1,站上60T進場,KD且RSI大於70且在BBAND中線以上出場,+121(29%)/+76(14%)/-13(4%)/+49(12%)/-6(1%),+227(10%)
2026-06-23,3013,晟銘電,109.5,1254 張,18,72.2%,1.28%,8.87%,-12.7%,5.35,1,站上60T進場,碰觸20T(布林中線)以上出場,-243(13%)/-187(12%)/-127(6%)/+156(8%)/+17(1%),-384(4%)
2026-06-23,3032,偉訓,81.7,690 張,9,77.8%,0.67%,10.05%,-17.74%,7.63,1,站上60T進場,碰觸20T(布林中線)以上出場,-114(15%)/+159(31%)/+95(16%)/-113(14%)/-64(6%),-37(1%)
2026-06-23,3042,晶技,191.0,12677 張,8,87.5%,2.38%,14.49%,-12.74%,7.64,1,站上60T進場,KD且RSI大於70且在BBAND中線以上出場,-5503(14%)/+985(3%)/-371(1%)/-6596(15%)/+332(1%),-11153(7%)
2026-06-23,3044,健鼎,531.0,2695 張,8,100.0%,3.2%,6.22%,1.17%,1.74,1,站上60T進場,布林通道觸頂出場,+2553(36%)/+911(16%)/+615(9%)/+65(2%)/-877(20%),+3267(12%)
2026-06-23,3047,訊舟,15.9,760 張,11,90.9%,2.77%,9.75%,-0.36%,3.11,1,站上60T進場,碰觸20T(布林中線)以上出場,-216(22%)/-14(0%)/-1002(12%)/+557(18%)/-254(15%),-929(5%)
2026-06-23,3048,益登,69.4,4481 張,5,80.0%,21.4%,49.25%,-28.47%,30.35,1,站上60T進場,乖離率大於15%停利出場,-639(6%)/+1166(18%)/+2478(23%)/-100(1%)/+508(7%),+3413(8%)
2026-06-23,3049,精金,13.7,5215 張,4,75.0%,10.4%,26.53%,-12.62%,16.56,1,碰觸BBAND下緣進場,乖離率大於15%停利出場,-3473(35%)/+715(8%)/-1689(20%)/+1631(19%)/+422(5%),-2394(5%)
2026-06-23,3059,華晶科,47.4,3227 張,4,75.0%,22.24%,40.42%,-10.68%,24.08,1,碰觸BBAND下緣進場,乖離率大於15%停利出場,+533(6%)/+1823(8%)/-4504(35%)/+610(8%)/-697(10%),-2235(4%)
2026-06-23,3138,耀登,130.0,442 張,4,75.0%,0.68%,5.76%,-6.14%,5.06,1,站上60T進場,KD且RSI大於70且在BBAND中線以上出場,-12(2%)/+100(17%)/+18(4%)/-44(7%)/-43(4%),+19(1%)
2026-06-23,3305,昇貿,139.0,2042 張,3,100.0%,34.56%,48.33%,22.12%,13.16,1,站上60T進場,乖離率大於15%停利出場,+452(15%)/+115(7%)/+444(16%)/+379(10%)/-610(17%),+780(5%)
2026-06-23,3413,京鼎,312.5,793 張,12,83.3%,1.86%,4.38%,-2.74%,2.09,1,站上60T進場,碰觸20T(布林中線)以上出場,+435(25%)/-232(13%)/+540(29%)/-649(25%)/-486(29%),-392(4%)
2026-06-23,3535,晶彩科,122.0,1369 張,6,83.3%,28.92%,84.94%,-42.77%,46.15,1,碰觸BBAND下緣進場,乖離率大於15%停利出場,+166(26%)/+228(18%)/+22(2%)/-803(22%)/-1542(50%),-1929(20%)
2026-06-23,3528,安馳,105.5,595 張,3,100.0%,25.51%,42.95%,8.22%,17.36,1,碰觸BBAND下緣進場,乖離率大於15%停利出場,-210(12%)/+171(21%)/-300(9%)/+492(18%)/-51(4%),+102(1%)
2026-06-23,3550,聯穎,34.95,3243 張,4,100.0%,3.3%,5.77%,1.5%,1.8,1,站上60T進場,KD且RSI大於70且在BBAND中線以上出場,+1657(15%)/+984(21%)/+132(4%)/-328(2%)/+341(5%),+2786(6%)
2026-06-23,3557,嘉威,25.9,50 張,7,71.4%,1.33%,11.46%,-11.05%,6.78,1,站上60T進場,KD且RSI大於70且在BBAND中線以上出場,-126(51%)/-86(54%)/-20(22%)/-14(14%)/+16(23%),-230(34%)
2026-06-23,3576,聯合再生,17.5,10109 張,11,81.8%,1.61%,5.55%,-2.99%,2.61,1,站上60T進場,碰觸20T(布林中線)以上出場,-20488(34%)/-3289(15%)/-21398(55%)/+1903(11%)/+58(0%),-43214(27%)
2026-06-23,3596,智易,180.0,3519 張,29,82.8%,2.36%,11.35%,-12.87%,5.83,1,碰觸BBAND下緣進場,布林通道觸頂出場,+439(20%)/+1212(35%)/-89(2%)/-225(11%)/+935(20%),+2272(14%)
2026-06-23,4133,亞諾法,20.45,85 張,6,83.3%,2.89%,11.63%,-1.9%,4.73,1,站上60T進場,布林通道觸頂出場,-27(22%)/+14(18%)/+20(20%)/-17(17%)/-31(21%),-41(8%)
2026-06-23,4439,冠星-KY,90.0,10 張,4,75.0%,2.06%,5.26%,-0.65%,2.45,1,站上60T進場,KD且RSI大於70且在BBAND中線以上出場,-6(32%)/-6(24%)/+3(23%)/-3(19%)/-1(7%),-13(15%)
2026-06-23,4552,力達-KY,21.0,31 張,4,100.0%,3.23%,8.23%,0.55%,3.41,1,站上60T進場,布林通道觸頂出場,+1(1%)/-21(30%)/-26(20%)/-24(15%)/-2(5%),-72(12%)
2026-06-23,4766,南寶,348.5,430 張,8,87.5%,2.2%,3.43%,-1.37%,1.5,1,站上60T進場,KD且RSI大於70且在BBAND中線以上出場,-117(33%)/+48(16%)/+113(23%)/-314(24%)/+116(12%),-154(5%)
2026-06-23,4960,誠美材,28.25,3107 張,3,100.0%,19.42%,40.16%,5.42%,18.33,1,碰觸BBAND下緣進場,乖離率大於15%停利出場,-1119(17%)/-1043(15%)/+1072(15%)/+207(5%)/-720(12%),-1603(5%)
2026-06-23,4958,臻鼎-KY,587.0,16406 張,3,100.0%,33.81%,44.93%,27.31%,9.67,1,站上60T進場,乖離率大於15%停利出場,+7478(18%)/-1894(5%)/+1644(3%)/-9978(31%)/-7427(19%),-10177(5%)
2026-06-23,5284,jpp-KY,377.5,422 張,3,100.0%,29.16%,36.45%,19.16%,8.96,1,碰觸BBAND下緣進場,乖離率大於15%停利出場,-94(12%)/-108(17%)/+3(0%)/-163(23%)/+3(0%),-359(10%)
2026-06-23,5388,中磊,79.9,2464 張,28,78.6%,0.57%,10.41%,-21.31%,6.22,1,碰觸BBAND下緣進場,KD且RSI大於70且在BBAND中線以上出場,-800(33%)/+748(34%)/-615(20%)/-1463(35%)/-1661(40%),-3791(24%)
2026-06-23,6112,邁達特,44.3,356 張,13,92.3%,2.71%,6.65%,-2.32%,2.28,1,站上60T進場,碰觸20T(布林中線)以上出場,-44(6%)/-130(22%)/-80(15%)/+32(5%)/-190(27%),-412(13%)
2026-06-23,6155,鈞寶,88.5,4740 張,4,100.0%,23.15%,29.18%,16.14%,5.67,1,碰觸BBAND下緣進場,乖離率大於15%停利出場,-2758(8%)/-1076(6%)/+3205(14%)/-2607(13%)/+180(2%),-3056(3%)
2026-06-23,5706,鳳凰,52.8,370 張,8,87.5%,2.05%,4.89%,-3.33%,2.57,1,站上60T進場,布林通道觸頂出場,+39(15%)/-68(24%)/+234(44%)/+14(3%)/-83(14%),+136(7%)
2026-06-23,6191,精成科,99.1,4862 張,36,77.8%,0.55%,9.95%,-14.16%,4.64,1,碰觸BBAND下緣進場,站上60T出場,-188(1%)/-389(9%)/-230(4%)/+896(7%)/-3099(33%),-3010(6%)
2026-06-23,6214,精誠,130.5,2498 張,43,72.1%,0.16%,6.62%,-17.36%,4.19,1,直接進場,碰觸20T(布林中線)以上出場,-561(27%)/-62(6%)/-526(22%)/-2103(45%)/+405(10%),-2847(20%)
2026-06-23,6209,今國光,90.2,7018 張,3,100.0%,66.74%,142.24%,15.86%,66.69,1,碰觸BBAND下緣進場,乖離率大於15%停利出場,+5523(11%)/-4207(4%)/-357(1%)/-2133(10%)/-525(3%),-1699(1%)
2026-06-23,6409,旭隼,913.0,336 張,4,75.0%,3.5%,10.19%,-2.65%,5.48,1,站上60T進場,KD且RSI大於70且在BBAND中線以上出場,-202(25%)/+14(3%)/-43(8%)/+95(15%)/-116(19%),-252(8%)
2026-06-23,6443,元晶,37.55,4857 張,8,75.0%,1.3%,4.53%,-3.7%,3.07,1,站上60T進場,布林通道觸頂出場,-5425(25%)/+394(3%)/-2182(19%)/+23(0%)/-1044(10%),-8234(12%)
2026-06-23,6438,迅得,153.0,493 張,9,100.0%,3.48%,7.03%,0.4%,2.61,1,站上60T進場,KD且RSI大於70且在BBAND中線以上出場,+78(21%)/-133(19%)/+181(16%)/-233(29%)/-36(4%),-143(4%)
2026-06-23,6456,GIS-KY,71.7,3304 張,12,75.0%,3.14%,11.65%,-4.33%,5.25,1,站上60T進場,碰觸20T(布林中線)以上出場,-709(21%)/+1589(18%)/-929(14%)/-591(10%)/-1657(28%),-2297(7%)
2026-06-23,6449,鈺邦,382.0,1703 張,4,100.0%,37.96%,73.08%,14.23%,25.02,1,碰觸BBAND下緣進場,乖離率大於15%停利出場,-696(13%)/-765(16%)/-834(17%)/+323(8%)/+268(9%),-1704(8%)
2026-06-23,6505,台塑化,52.2,3438 張,52,73.1%,0.43%,10.33%,-15.5%,4.77,1,直接進場,站上60T出場,+1117(17%)/-1701(26%)/+2333(17%)/-180(2%)/-1641(23%),-72(0%)
2026-06-23,6558,興能高,30.5,253 張,3,100.0%,11.75%,26.93%,0.34%,13.69,1,碰觸BBAND下緣進場,乖離率大於15%停利出場,+37(7%)/+111(28%)/+162(39%)/+159(28%)/-102(22%),+367(16%)
2026-06-23,6579,研揚,158.0,450 張,34,70.6%,1.22%,11.33%,-14.63%,5.57,1,碰觸BBAND下緣進場,站上60T出場,-37(8%)/-39(9%)/+95(12%)/-233(27%)/+9(1%),-205(6%)
2026-06-23,6689,伊雲谷,66.1,146 張,40,75.0%,1.26%,13.33%,-9.18%,5.08,1,碰觸BBAND下緣進場,站上60T出場,-10(9%)/-40(24%)/-66(23%)/+58(24%)/-1(0%),-59(6%)
2026-06-23,6706,惠特,163.0,1212 張,8,87.5%,4.26%,14.75%,-7.63%,6.76,1,站上60T進場,KD且RSI大於70且在BBAND中線以上出場,-23(0%)/-231(11%)/+30(1%)/-154(5%)/-282(12%),-660(4%)
2026-06-23,6605,帝寶,137.0,377 張,12,75.0%,0.3%,5.36%,-9.06%,4.13,1,站上60T進場,碰觸20T(布林中線)以上出場,-109(24%)/+14(4%)/-107(18%)/-229(33%)/-369(53%),-800(29%)
2026-06-23,6722,輝創,35.9,160 張,4,100.0%,1.57%,3.36%,0.47%,1.3,1,碰觸BBAND下緣進場,碰觸20T(布林中線)以上出場,-3(3%)/-15(44%)/-17(46%)/-27(36%)/+10(6%),-52(13%)
2026-06-23,6668,中揚光,42.7,631 張,40,72.5%,1.06%,9.89%,-24.73%,5.31,1,碰觸BBAND下緣進場,碰觸20T(布林中線)以上出場,+831(17%)/-564(4%)/-230(3%)/-42(1%)/+236(15%),+231(1%)
2026-06-23,6862,三集瑞-KY,204.5,735 張,3,100.0%,22.7%,31.91%,5.66%,14.77,1,碰觸BBAND下緣進場,乖離率大於15%停利出場,-362(23%)/+334(20%)/+203(19%)/-275(7%)/-114(6%),-214(2%)
2026-06-23,6869,雲豹能源,76.5,434 張,8,87.5%,2.37%,7.38%,-3.03%,2.94,1,站上60T進場,碰觸20T(布林中線)以上出場,-56(10%)/-22(4%)/-7(1%)/+32(7%)/+27(4%),-26(1%)
2026-06-23,7711,永擎,340.5,446 張,7,71.4%,2.38%,7.62%,-9.18%,5.71,1,碰觸BBAND下緣進場,站上60T出場,+45(11%)/-52(21%)/+12(5%)/-202(34%)/-61(10%),-258(12%)
2026-06-23,6988,威力暘-創,14.0,22 張,13,76.9%,0.01%,10.49%,-36.49%,13.54,1,直接進場,布林通道觸頂出場,+5(11%)/+5(16%)/+3(5%)/0(0%)/+2(5%),+15(7%)
2026-06-23,7765,中華資安,227.5,53 張,8,87.5%,0.96%,4.26%,-5.19%,2.78,1,碰觸BBAND下緣進場,布林通道觸頂出場,-23(36%)/+7(6%)/-52(27%)/-7(4%)/-28(23%),-103(16%)
2026-06-23,8011,台通,17.55,517 張,3,100.0%,2.29%,4.73%,0.82%,2.13,1,站上5T進場,KD且RSI大於70且在BBAND中線以上出場,-36(5%)/+234(16%)/-232(16%)/+10(1%)/-162(18%),-186(4%)
2026-06-23,8104,錸寶,40.2,1198 張,5,80.0%,19.35%,47.55%,-12.06%,22.16,1,站上60T進場,乖離率大於15%停利出場,+282(13%)/+491(11%)/-724(10%)/-597(7%)/-164(6%),-712(3%)
2026-06-23,8271,宇瞻,205.0,1530 張,4,100.0%,34.52%,42.84%,27.14%,7.02,1,碰觸BBAND下緣進場,乖離率大於15%停利出場,-661(25%)/+82(6%)/-162(8%)/-66(2%)/-803(29%),-1610(13%)
2026-06-23,8996,高力,1445.0,2062 張,7,85.7%,27.04%,46.34%,-17.26%,22.65,1,碰觸BBAND下緣進場,乖離率大於15%停利出場,+559(17%)/+543(13%)/+1103(19%)/-77(2%)/-123(4%),+2005(10%)
2026-06-23,9907,統一實,15.15,4036 張,31,71.0%,0.28%,4.75%,-10.8%,2.73,1,碰觸BBAND下緣進場,站上60T出場,-2937(42%)/-2119(26%)/-1612(15%)/-4487(47%)/-3083(41%),-14238(33%)
